{"cameraMode":{"drawMode":0,"name":"Shaded","section":"Shading Mode"},"sceneLighting":false,"audioPlay":false,"sceneViewState":{"showFog":true,"showMaterialUpdate":false,"showSkybox":false,"showFlares":true,"showImageEffects":true,"showParticleSystems":true,"showVisualEffectGraphs":true,"m_FxEnabled":true},"in2DMode":false,"pivot":{"x":-7.450580596923828e-9,"y":3.9200000762939455,"z":0.14000000059604646},"rotation":{"x":-0.12544509768486024,"y":-0.8617932200431824,"z":0.25804898142814639,"w":-0.41844651103019717},"size":0.14142142236232758,"orthographic":false}