{"cameraMode":{"drawMode":0,"name":"Shaded","section":"Shading Mode"},"sceneLighting":true,"audioPlay":false,"sceneViewState":{"showFog":true,"showMaterialUpdate":false,"showSkybox":true,"showFlares":true,"showImageEffects":true,"showParticleSystems":true,"showVisualEffectGraphs":true,"m_FxEnabled":true},"in2DMode":false,"pivot":{"x":23.518320083618165,"y":1.1638069152832032,"z":-0.34361493587493899},"rotation":{"x":-0.036230217665433887,"y":-0.7229129076004028,"z":0.037965502589941028,"w":-0.689006507396698},"size":14.722332000732422,"orthographic":false}