{"cameraMode":{"drawMode":0,"name":"Shaded","section":"Shading Mode"},"sceneLighting":true,"audioPlay":false,"sceneViewState":{"showFog":true,"showMaterialUpdate":false,"showSkybox":true,"showFlares":true,"showImageEffects":true,"showParticleSystems":true,"showVisualEffectGraphs":true,"m_FxEnabled":true},"in2DMode":false,"pivot":{"x":2.993556499481201,"y":3.833632707595825,"z":-0.14494456350803376},"rotation":{"x":0.0073973010294139389,"y":-0.7070759534835815,"z":-0.007452343590557575,"w":-0.7070850133895874},"size":3.1439599990844728,"orthographic":false}