{"cameraMode":{"drawMode":0,"name":"Shaded","section":"Shading Mode"},"sceneLighting":true,"audioPlay":false,"sceneViewState":{"showFog":true,"showMaterialUpdate":false,"showSkybox":true,"showFlares":true,"showImageEffects":true,"showParticleSystems":true,"showVisualEffectGraphs":true,"m_FxEnabled":true},"in2DMode":false,"pivot":{"x":3.2846760749816896,"y":2.753422260284424,"z":-7.324850082397461},"rotation":{"x":0.0003942686889786273,"y":0.9979913830757141,"z":-0.06326692551374436,"w":0.006291930563747883},"size":7.146669387817383,"orthographic":false}