{"cameraMode":{"drawMode":0,"name":"Shaded","section":"Shading Mode"},"sceneLighting":true,"audioPlay":false,"sceneViewState":{"showFog":true,"showMaterialUpdate":false,"showSkybox":true,"showFlares":true,"showImageEffects":true,"showParticleSystems":true,"showVisualEffectGraphs":true,"m_FxEnabled":true},"in2DMode":false,"pivot":{"x":-1.1875413656234742,"y":2.8966598510742189,"z":3.5492630004882814},"rotation":{"x":-0.16812485456466676,"y":-0.1525285392999649,"z":0.026327285915613176,"w":-0.9735748171806336},"size":2.3836727142333986,"orthographic":false}