{"cameraMode":{"drawMode":0,"name":"Shaded","section":"Shading Mode"},"sceneLighting":true,"audioPlay":false,"sceneViewState":{"showFog":true,"showMaterialUpdate":false,"showSkybox":true,"showFlares":true,"showImageEffects":true,"showParticleSystems":true,"showVisualEffectGraphs":true,"m_FxEnabled":true},"in2DMode":false,"pivot":{"x":3.0403671264648439,"y":3.9038143157958986,"z":1.627691388130188},"rotation":{"x":-0.006418005563318729,"y":-0.7039204835891724,"z":0.006310485769063234,"w":-0.7102737426757813},"size":3.883671998977661,"orthographic":false}