{"cameraMode":{"drawMode":0,"name":"Shaded","section":"Shading Mode"},"sceneLighting":false,"audioPlay":false,"sceneViewState":{"showFog":true,"showMaterialUpdate":false,"showSkybox":true,"showFlares":true,"showImageEffects":true,"showParticleSystems":true,"showVisualEffectGraphs":true,"m_FxEnabled":true},"in2DMode":false,"pivot":{"x":-4.230857849121094,"y":3.886000394821167,"z":11.917227745056153},"rotation":{"x":-0.014763182029128075,"y":0.4334026873111725,"z":0.0066671669483184818,"w":0.9011756181716919},"size":14.503171920776368,"orthographic":false}