{"cameraMode":{"drawMode":0,"name":"Shaded","section":"Shading Mode"},"sceneLighting":true,"audioPlay":false,"sceneViewState":{"showFog":true,"showMaterialUpdate":false,"showSkybox":true,"showFlares":true,"showImageEffects":true,"showParticleSystems":true,"showVisualEffectGraphs":true,"m_FxEnabled":true},"in2DMode":false,"pivot":{"x":-0.9210062026977539,"y":-0.1914958953857422,"z":2.2362120151519777},"rotation":{"x":0.16089840233325959,"y":0.7190756797790527,"z":-0.17734982073307038,"w":0.6523736715316773},"size":5.1987738609313969,"orthographic":false}