{"cameraMode":{"drawMode":0,"name":"Shaded","section":"Shading Mode"},"sceneLighting":false,"audioPlay":false,"sceneViewState":{"showFog":true,"showMaterialUpdate":false,"showSkybox":true,"showFlares":true,"showImageEffects":true,"showParticleSystems":true,"showVisualEffectGraphs":true,"m_FxEnabled":true},"in2DMode":false,"pivot":{"x":0.4535926580429077,"y":4.389552593231201,"z":1.9979324340820313},"rotation":{"x":-0.037329189479351047,"y":-0.9215282797813416,"z":0.09151926636695862,"w":-0.37555691599845889},"size":1.9041764736175538,"orthographic":false}