{"cameraMode":{"drawMode":0,"name":"Shaded","section":"Shading Mode"},"sceneLighting":false,"audioPlay":false,"sceneViewState":{"showFog":true,"showMaterialUpdate":false,"showSkybox":true,"showFlares":true,"showImageEffects":true,"showParticleSystems":true,"showVisualEffectGraphs":true,"m_FxEnabled":true},"in2DMode":false,"pivot":{"x":145.24073791503907,"y":10.03276538848877,"z":4.086666107177734},"rotation":{"x":-0.010557287372648716,"y":0.7102037072181702,"z":0.010655085556209088,"w":0.7038395404815674},"size":3.409292221069336,"orthographic":false}