{"cameraMode":{"drawMode":0,"name":"Shaded","section":"Shading Mode"},"sceneLighting":false,"audioPlay":false,"sceneViewState":{"showFog":true,"showMaterialUpdate":false,"showSkybox":true,"showFlares":true,"showImageEffects":true,"showParticleSystems":true,"showVisualEffectGraphs":true,"m_FxEnabled":true},"in2DMode":false,"pivot":{"x":19.909103393554689,"y":1.5723304748535157,"z":20.075942993164064},"rotation":{"x":0.05097774416208267,"y":0.40146198868751528,"z":-0.022653046995401384,"w":0.9142900705337524},"size":13.980023384094239,"orthographic":false}