{"cameraMode":{"drawMode":0,"name":"Shaded","section":"Shading Mode"},"sceneLighting":false,"audioPlay":false,"sceneViewState":{"showFog":true,"showMaterialUpdate":false,"showSkybox":true,"showFlares":true,"showImageEffects":true,"showParticleSystems":true,"showVisualEffectGraphs":true,"m_FxEnabled":true},"in2DMode":false,"pivot":{"x":0.3479926288127899,"y":3.9558324813842775,"z":3.2428500652313234},"rotation":{"x":-0.0037870791275054218,"y":-0.5449327230453491,"z":0.002430886263027787,"w":-0.8384837508201599},"size":0.5770019292831421,"orthographic":false}