{"cameraMode":{"drawMode":0,"name":"Shaded","section":"Shading Mode"},"sceneLighting":true,"audioPlay":false,"sceneViewState":{"showFog":true,"showMaterialUpdate":false,"showSkybox":true,"showFlares":true,"showImageEffects":true,"showParticleSystems":true,"showVisualEffectGraphs":true,"m_FxEnabled":true},"in2DMode":false,"pivot":{"x":105.39958190917969,"y":5.785661220550537,"z":2.4148342609405519},"rotation":{"x":-0.0013689204351976514,"y":0.6932334303855896,"z":-0.0011842052917927504,"w":-0.720813512802124},"size":16.915000915527345,"orthographic":false}