{"cameraMode":{"drawMode":0,"name":"Shaded","section":"Shading Mode"},"sceneLighting":false,"audioPlay":false,"sceneViewState":{"showFog":true,"showMaterialUpdate":false,"showSkybox":true,"showFlares":true,"showImageEffects":true,"showParticleSystems":true,"showVisualEffectGraphs":true,"m_FxEnabled":true},"in2DMode":false,"pivot":{"x":-1.7413992881774903,"y":6.514377117156982,"z":0.30401870608329775},"rotation":{"x":-0.024000002071261407,"y":0.5389068126678467,"z":0.01536332443356514,"w":0.8418838977813721},"size":4.920635223388672,"orthographic":false}