{"cameraMode":{"drawMode":0,"name":"Shaded","section":"Shading Mode"},"sceneLighting":false,"audioPlay":false,"sceneViewState":{"showFog":true,"showMaterialUpdate":false,"showSkybox":true,"showFlares":true,"showImageEffects":true,"showParticleSystems":true,"showVisualEffectGraphs":true,"m_FxEnabled":true},"in2DMode":false,"pivot":{"x":0.5183850526809692,"y":3.8669042587280275,"z":3.243504762649536},"rotation":{"x":0.03579700365662575,"y":0.6368017196655273,"z":-0.029655354097485544,"w":0.7696598768234253},"size":1.0738325119018555,"orthographic":false}