{"cameraMode":{"drawMode":0,"name":"Shaded","section":"Shading Mode"},"sceneLighting":false,"audioPlay":false,"sceneViewState":{"showFog":true,"showMaterialUpdate":false,"showSkybox":true,"showFlares":true,"showImageEffects":true,"showParticleSystems":true,"showVisualEffectGraphs":true,"m_FxEnabled":true},"in2DMode":false,"pivot":{"x":1.0259101390838624,"y":3.9509284496307375,"z":3.21116304397583},"rotation":{"x":-0.013426926918327809,"y":0.5792107582092285,"z":0.009062014520168305,"w":0.8151503205299377},"size":0.5152820944786072,"orthographic":false}