{"cameraMode":{"drawMode":0,"name":"Shaded","section":"Shading Mode"},"sceneLighting":false,"audioPlay":false,"sceneViewState":{"showFog":true,"showMaterialUpdate":false,"showSkybox":true,"showFlares":true,"showImageEffects":true,"showParticleSystems":true,"showVisualEffectGraphs":true,"m_FxEnabled":true},"in2DMode":false,"pivot":{"x":0.504149317741394,"y":3.975642442703247,"z":3.3046627044677736},"rotation":{"x":-0.021035095676779748,"y":0.6768799424171448,"z":0.01877543143928051,"w":0.7357004880905151},"size":0.5152820944786072,"orthographic":false}