{"cameraMode":{"drawMode":0,"name":"Shaded","section":"Shading Mode"},"sceneLighting":false,"audioPlay":false,"sceneViewState":{"showFog":true,"showMaterialUpdate":false,"showSkybox":true,"showFlares":true,"showImageEffects":true,"showParticleSystems":true,"showVisualEffectGraphs":true,"m_FxEnabled":true},"in2DMode":false,"pivot":{"x":16.69254493713379,"y":5.220290660858154,"z":1.3228402137756348},"rotation":{"x":0.0011134403757750989,"y":0.7063644528388977,"z":-0.0014428403228521348,"w":0.7079813480377197},"size":9.62706184387207,"orthographic":false}