{"cameraMode":{"drawMode":0,"name":"Shaded","section":"Shading Mode"},"sceneLighting":true,"audioPlay":false,"sceneViewState":{"showFog":true,"showMaterialUpdate":false,"showSkybox":true,"showFlares":true,"showImageEffects":true,"showParticleSystems":true,"showVisualEffectGraphs":true,"m_FxEnabled":true},"in2DMode":false,"pivot":{"x":32.200714111328128,"y":4.169526100158691,"z":1.4236721992492676},"rotation":{"x":-0.011564656160771847,"y":-0.9774768352508545,"z":0.20373836159706117,"w":-0.054829347878694537},"size":0.5152819752693176,"orthographic":false}