{"cameraMode":{"drawMode":0,"name":"Shaded","section":"Shading Mode"},"sceneLighting":true,"audioPlay":false,"sceneViewState":{"showFog":true,"showMaterialUpdate":false,"showSkybox":true,"showFlares":true,"showImageEffects":true,"showParticleSystems":true,"showVisualEffectGraphs":true,"m_FxEnabled":true},"in2DMode":false,"pivot":{"x":0.7630000114440918,"y":4.132999897003174,"z":3.3440001010894777},"rotation":{"x":-0.0024705405812710525,"y":0.9613252282142639,"z":-0.2753922641277313,"w":-0.008999022655189038},"size":0.5152822136878967,"orthographic":false}