{"cameraMode":{"drawMode":0,"name":"Shaded","section":"Shading Mode"},"sceneLighting":false,"audioPlay":false,"sceneViewState":{"showFog":true,"showMaterialUpdate":false,"showSkybox":true,"showFlares":true,"showImageEffects":true,"showParticleSystems":true,"showVisualEffectGraphs":true,"m_FxEnabled":true},"in2DMode":false,"pivot":{"x":12.588854789733887,"y":0.5727739334106445,"z":1.3309803009033204},"rotation":{"x":0.0049318112432956699,"y":0.97740638256073,"z":-0.02380252256989479,"w":0.21042068302631379},"size":16.802738189697267,"orthographic":false}