{"cameraMode":{"drawMode":0,"name":"Shaded","section":"Shading Mode"},"sceneLighting":false,"audioPlay":false,"sceneViewState":{"showFog":true,"showMaterialUpdate":false,"showSkybox":false,"showFlares":true,"showImageEffects":true,"showParticleSystems":true,"showVisualEffectGraphs":true,"m_FxEnabled":true},"in2DMode":false,"pivot":{"x":0.1795499324798584,"y":3.215665102005005,"z":-0.008599624037742615},"rotation":{"x":0.17785775661468507,"y":0.7874266505241394,"z":-0.2657622992992401,"w":0.5269949436187744},"size":2.4322612285614015,"orthographic":false}