{"cameraMode":{"drawMode":0,"name":"Shaded","section":"Shading Mode"},"sceneLighting":true,"audioPlay":false,"sceneViewState":{"showFog":true,"showMaterialUpdate":false,"showSkybox":true,"showFlares":true,"showImageEffects":true,"showParticleSystems":true},"in2DMode":false,"pivot":{"x":-7.206977844238281,"y":6.704024314880371,"z":12.507484436035157},"rotation":{"x":-0.03822226822376251,"y":0.7090233564376831,"z":-0.03854462504386902,"w":-0.7030935883522034},"size":10.0,"orthographic":false}